{"cameraMode":{"drawMode":0,"name":"Shaded","section":"Shading Mode"},"sceneLighting":true,"audioPlay":false,"sceneViewState":{"m_AlwaysRefresh":false,"showFog":true,"showSkybox":true,"showFlares":true,"showImageEffects":true,"showParticleSystems":true,"showVisualEffectGraphs":true,"m_FxEnabled":true},"in2DMode":false,"pivot":{"x":-2.8058719635009767,"y":5.356623649597168,"z":212.53070068359376},"rotation":{"x":0.08615387231111527,"y":0.19981513917446137,"z":-0.003923157230019569,"w":0.9760326147079468},"size":4.569868087768555,"orthographic":false}